materials,fast-absorb,fast-nprod-fission,fast-scatterdown,fast-scatterup,spont-nprod-fission,thermal-absorb,thermal-nprod-fission,thermal-scatter
boron-10,5.8,0.0,4.35,24.65,0.0,2900.0,0.0,29.0
graphite,0.00011300000000000001,0.0,2.2600000000000002,20.340000000000003,0.0,0.0226,0.0,56.5
pb-208,0.0,0.0,0.16400000000000003,16.236,0.0,0.0,0.0,37.72
pu-239,9.8195,28.740000000000002,0.2395,23.7105,413856.00000000006,4871.429999999999,8957.3,38.32
u-235,5.330100000000001,12.288569999999998,0.1956,19.3644,5721.299999999999,484.11,6884.85105,48.9
